{"Problem": [{"Name": "benzene-toluene column", "Lower bound": 19346.124800886784, "Upper bound": 19346.124800886784, "Number of objectives": 1, "Number of constraints": 603, "Number of variables": 433, "Number of binary variables": 28, "Number of integer variables": 0, "Number of continuous variables": 405, "Number of nonzeros": null, "Sense": "minimize", "Number of disjunctions": 15}], "Solver": [{"Name": "GDPopt (22, 5, 13) - GLOA", "Status": "ok", "User time": 26.470644732005894, "Wallclock time": 26.470644732005894, "Termination condition": "optimal", "Iterations": 14, "Timing": {"main_timer_start_time": 880807.601197363, "mip": 17.16823974798899, "nlp": 7.965824775281362, "integer cut generation": 0.006472834968008101, "total": 26.470644732005894}}]}