{"Problem": [{"Name": "benzene-toluene column", "Lower bound": 19346.124800884547, "Upper bound": 19346.124800884547, "Number of objectives": 1, "Number of constraints": 603, "Number of variables": 433, "Number of binary variables": 28, "Number of integer variables": 0, "Number of continuous variables": 405, "Number of nonzeros": null, "Sense": "minimize", "Number of disjunctions": 15}], "Solver": [{"Name": "GDPopt (22, 5, 13) - RIC", "Status": "ok", "User time": 30.866129517904483, "Wallclock time": 30.866129517904483, "Termination condition": "optimal", "Iterations": 35, "Timing": {"main_timer_start_time": 880844.913717317, "mip": 12.74963744287379, "nlp": 17.02741907502059, "integer cut generation": 0.01807352132163942, "total": 30.866129517904483}}]}