{"Problem": [{"Name": "Small Batch", "Lower bound": 167427.48968721295, "Upper bound": 167427.48968721295, "Number of objectives": 1, "Number of constraints": 34, "Number of variables": 37, "Number of binary variables": 18, "Number of integer variables": 0, "Number of continuous variables": 19, "Number of nonzeros": null, "Sense": "minimize", "Number of disjunctions": 9}], "Solver": [{"Name": "GDPopt (22, 5, 13) - LOA", "Status": "ok", "User time": 10.437919709831476, "Wallclock time": 10.437919709831476, "Termination condition": "optimal", "Iterations": 28, "Timing": {"main_timer_start_time": 5809100.248138491, "mip": 5.203181787393987, "nlp": 5.15599231608212, "integer cut generation": 0.04509284999221563, "total": 10.437919709831476}}]}