{"Problem": [{"Name": "Small Batch", "Lower bound": 167427.48968721295, "Upper bound": 167427.48968721295, "Number of objectives": 1, "Number of constraints": 34, "Number of variables": 37, "Number of binary variables": 18, "Number of integer variables": 0, "Number of continuous variables": 19, "Number of nonzeros": null, "Sense": "minimize", "Number of disjunctions": 9}], "Solver": [{"Name": "GDPopt (22, 5, 13) - RIC", "Status": "ok", "User time": 10.231091373600066, "Wallclock time": 10.231091373600066, "Termination condition": "optimal", "Iterations": 28, "Timing": {"main_timer_start_time": 5809111.389177155, "mip": 5.099783004261553, "nlp": 5.053384975530207, "integer cut generation": 0.04163731914013624, "total": 10.231091373600066}}]}