FSU,A,B,C,D,flow_rate
fs1,1.0,1.0,1.0,1.0,10
fs2,1.3333333333333333,0.0,0.0,0.6666666666666666,15
fs3,2.0,2.0,0.0,4.0,5
fs4,1.5,0.5,0.5,0.0,20
fs5,2.0,2.0,0.0,0.0,10
