{"Problem": [{"Name": "SIR Disease Model", "Lower bound": 304.41621103465036, "Upper bound": 304.41621103465036, "Number of objectives": 1, "Number of constraints": 831, "Number of variables": 1250, "Number of binary variables": 52, "Number of integer variables": 0, "Number of continuous variables": 1198, "Number of nonzeros": null, "Sense": "minimize", "Number of disjunctions": 26}], "Solver": [{"Name": "GDPopt (22, 5, 13) - RIC", "Status": "ok", "User time": 2.662617118912749, "Wallclock time": 2.662617118912749, "Termination condition": "optimal", "Iterations": 1, "Timing": {"main_timer_start_time": 878726.414061818, "mip": 1.9992133700288832, "nlp": 0.483937795041129, "integer cut generation": 0.000771639053709805, "total": 2.662617118912749}}]}