{"Problem": [{"Name": "SIR Disease Model", "Lower bound": 304.41621103465036, "Upper bound": 304.41621103465036, "Number of objectives": 1, "Number of constraints": 831, "Number of variables": 1250, "Number of binary variables": 52, "Number of integer variables": 0, "Number of continuous variables": 1198, "Number of nonzeros": null, "Sense": "minimize", "Number of disjunctions": 26}], "Solver": [{"Name": "GDPopt (22, 5, 13) - GLOA", "Status": "ok", "User time": 2.5978779919678345, "Wallclock time": 2.5978779919678345, "Termination condition": "optimal", "Iterations": 1, "Timing": {"main_timer_start_time": 878723.782462487, "mip": 1.9891705990303308, "nlp": 0.43279405997600406, "integer cut generation": 0.000803429982624948, "total": 2.5978779919678345}}]}