{"Problem": [{"Name": "SIR Disease Model", "Lower bound": 304.41621103465036, "Upper bound": 304.41621103465036, "Number of objectives": 1, "Number of constraints": 831, "Number of variables": 1250, "Number of binary variables": 52, "Number of integer variables": 0, "Number of continuous variables": 1198, "Number of nonzeros": null, "Sense": "minimize", "Number of disjunctions": 26}], "Solver": [{"Name": "GDPopt (22, 5, 13) - LOA", "Status": "ok", "User time": 2.7232641809387133, "Wallclock time": 2.7232641809387133, "Termination condition": "optimal", "Iterations": 1, "Timing": {"main_timer_start_time": 878721.023115881, "mip": 2.0664316890761256, "nlp": 0.477121229050681, "integer cut generation": 0.000876300036907196, "total": 2.7232641809387133}}]}