{"Problem": [{"Name": "Jobshop Scheduling Model", "Lower bound": 10.999999998839991, "Upper bound": 10.999999998839991, "Number of objectives": 1, "Number of constraints": 9, "Number of variables": 10, "Number of binary variables": 6, "Number of integer variables": 0, "Number of continuous variables": 4, "Number of nonzeros": null, "Sense": "minimize", "Number of disjunctions": 3}], "Solver": [{"Name": "GDPopt (22, 5, 13) - LOA", "Status": "ok", "User time": 0.35156914102844894, "Wallclock time": 0.35156914102844894, "Termination condition": "optimal", "Iterations": 1, "Timing": {"main_timer_start_time": 972476.810607862, "mip": 0.17993823206052184, "nlp": 0.16029412799980491, "integer cut generation": 0.00030097702983766794, "total": 0.35156914102844894}}]}