{"Problem": [{"Name": "Jobshop Scheduling Model", "Lower bound": 10.999999998839991, "Upper bound": 10.999999998839991, "Number of objectives": 1, "Number of constraints": 9, "Number of variables": 10, "Number of binary variables": 6, "Number of integer variables": 0, "Number of continuous variables": 4, "Number of nonzeros": null, "Sense": "minimize", "Number of disjunctions": 3}], "Solver": [{"Name": "GDPopt (22, 5, 13) - RIC", "Status": "ok", "User time": 0.3003465359797701, "Wallclock time": 0.3003465359797701, "Termination condition": "optimal", "Iterations": 1, "Timing": {"main_timer_start_time": 972477.521885735, "mip": 0.13057581195607781, "nlp": 0.15912505704909563, "integer cut generation": 0.00024566100910305977, "total": 0.3003465359797701}}]}