{"Problem": [{"Name": "gdp_reactors", "Lower bound": 3.06193138522288, "Upper bound": 3.06193138522288, "Number of objectives": 1, "Number of constraints": 100, "Number of variables": 76, "Number of binary variables": 20, "Number of integer variables": 0, "Number of continuous variables": 56, "Number of nonzeros": null, "Sense": "minimize", "Number of disjunctions": 10}], "Solver": [{"Name": "GDPopt (22, 5, 13) - LOA", "Status": "ok", "User time": 26.427269484847784, "Wallclock time": 26.427269484847784, "Termination condition": "optimal", "Iterations": 15, "Timing": {"main_timer_start_time": 5745493.841412643, "mip": 3.3349969824776053, "nlp": 20.720138302072883, "integer cut generation": 0.024661725386977196, "total": 26.427269484847784}}]}