{"Problem": [{"Name": "unknown", "Lower bound": 5965.85534735854, "Upper bound": 5965.85534735854, "Number of objectives": 1, "Number of constraints": 728, "Number of variables": 721, "Number of binary variables": 12, "Number of integer variables": 0, "Number of continuous variables": 709, "Number of nonzeros": null, "Sense": "maximize", "Number of disjunctions": 6}], "Solver": [{"Name": "GDPopt (22, 5, 13) - RIC", "Status": "ok", "User time": 120.05747349804733, "Wallclock time": 120.05747349804733, "Termination condition": "optimal", "Iterations": 61, "Timing": {"main_timer_start_time": 888217.871635438, "mip": 29.318535834783688, "nlp": 80.31525724590756, "integer cut generation": 0.02080313174519688, "total": 120.05747349804733}}]}