{"Problem": [{"Name": "Methanol Production", "Lower bound": -1793.4292381783534, "Upper bound": -1793.4292381783534, "Number of objectives": 1, "Number of constraints": 429, "Number of variables": 285, "Number of binary variables": 8, "Number of integer variables": 0, "Number of continuous variables": 277, "Number of nonzeros": null, "Sense": "minimize", "Number of disjunctions": 4}], "Solver": [{"Name": "GDPopt (22, 5, 13) - LOA", "Status": "ok", "User time": 10.653763756155968, "Wallclock time": 10.653763756155968, "Termination condition": "optimal", "Iterations": 15, "Timing": {"main_timer_start_time": 5792400.252273579, "mip": 4.523780103772879, "nlp": 4.543315128423274, "integer cut generation": 0.0027550673112273216, "total": 10.653763756155968}}]}