{"Problem": [{"Name": "SIR Disease Model", "Lower bound": 304.4162107198325, "Upper bound": 304.4162107198325, "Number of objectives": 1, "Number of constraints": 831, "Number of variables": 1250, "Number of binary variables": 52, "Number of integer variables": 0, "Number of continuous variables": 1198, "Number of nonzeros": null, "Sense": "minimize", "Number of disjunctions": 26}], "Solver": [{"Name": "GDPopt (22, 5, 13) - RIC", "Status": "ok", "User time": 2.3660955550149083, "Wallclock time": 2.3660955550149083, "Termination condition": "optimal", "Iterations": 1, "Timing": {"main_timer_start_time": 5745614.209709802, "mip": 1.8361425762996078, "nlp": 0.3904163036495447, "integer cut generation": 0.0007416000589728355, "total": 2.3660955550149083}}]}