{"Problem": [{"Name": "SIR Disease Model", "Lower bound": 304.4162107198325, "Upper bound": 304.4162107198325, "Number of objectives": 1, "Number of constraints": 831, "Number of variables": 1250, "Number of binary variables": 52, "Number of integer variables": 0, "Number of continuous variables": 1198, "Number of nonzeros": null, "Sense": "minimize", "Number of disjunctions": 26}], "Solver": [{"Name": "GDPopt (22, 5, 13) - GLOA", "Status": "ok", "User time": 2.3339079031720757, "Wallclock time": 2.3339079031720757, "Termination condition": "optimal", "Iterations": 1, "Timing": {"main_timer_start_time": 5745611.85073831, "mip": 1.7803745744749904, "nlp": 0.40890119411051273, "integer cut generation": 0.0006457464769482613, "total": 2.3339079031720757}}]}