{"Problem": [{"Name": "SIR Disease Model", "Lower bound": 304.4162107198325, "Upper bound": 304.4162107198325, "Number of objectives": 1, "Number of constraints": 831, "Number of variables": 1250, "Number of binary variables": 52, "Number of integer variables": 0, "Number of continuous variables": 1198, "Number of nonzeros": null, "Sense": "minimize", "Number of disjunctions": 26}], "Solver": [{"Name": "GDPopt (22, 5, 13) - LOA", "Status": "ok", "User time": 2.417402943596244, "Wallclock time": 2.417402943596244, "Termination condition": "optimal", "Iterations": 1, "Timing": {"main_timer_start_time": 5745609.407788882, "mip": 1.8028431935235858, "nlp": 0.4714208645746112, "integer cut generation": 0.0007348572835326195, "total": 2.417402943596244}}]}